{"cameraMode":{"drawMode":0,"name":"Shaded","section":"Shading Mode"},"sceneLighting":true,"audioPlay":false,"sceneViewState":{"showFog":true,"showMaterialUpdate":false,"showSkybox":true,"showFlares":true,"showImageEffects":true,"showParticleSystems":true,"showVisualEffectGraphs":true,"m_FxEnabled":true},"in2DMode":false,"pivot":{"x":-22.96847915649414,"y":57.49382781982422,"z":326.71600341796877},"rotation":{"x":0.006288246251642704,"y":-0.08209167420864105,"z":0.0005007957224734128,"w":0.996663510799408},"size":200.70863342285157,"orthographic":false}